[
	{
		"name": "app.com",
		"price": "$45",
		"clicks": "3,330",
		"update": "Feb 12",
		"status": "expiring",
		"selected": false
	},
	{
		"name": "base.com",
		"price": "$35",
		"clicks": "2,595",
		"update": "Feb 18",
		"status": "registered",
		"selected": false
	},
	{
		"name": "max.com",
		"price": "$60",
		"clicks": "4,400",
		"update": "Mar 11",
		"status": "expiring",
		"selected": false
	},
	{
		"name": "best.com",
		"price": "$75",
		"clicks": "6,500",
		"update": "Apr 03",
		"status": "flagged",
		"selected": false
	},
	{
		"name": "pro.com",
		"price": "$55",
		"clicks": "4,250",
		"update": "Jan 21",
		"status": "registered",
		"selected": false
	},
	{
		"name": "team.com",
		"price": "$40",
		"clicks": "3,200",
		"update": "Feb 09",
		"status": "flagged",
		"selected": false
	},
	{
		"name": "up.com",
		"price": "$95",
		"clicks": "8,520",
		"update": "Feb 22",
		"status": "sold",
		"selected": false
	},
	{
		"name": "view.com",
		"price": "$45",
		"clicks": "4,100",
		"update": "Mar 12",
		"status": "registered",
		"selected": false
	},
	{
		"name": "nice.com",
		"price": "$38",
		"clicks": "3,940",
		"update": "Feb 12",
		"status": "sold",
		"selected": false
	},
	{
		"name": "fine.com",
		"price": "$25",
		"clicks": "2,983",
		"update": "Apr 01",
		"status": "expiring",
		"selected": false
	},
	{
		"name": "good.com",
		"price": "$50",
		"clicks": "6,500",
		"update": "Feb 02",
		"status": "flagged",
		"selected": false
	},
	{
		"name": "great.com",
		"price": "$55",
		"clicks": "6,400",
		"update": "Feb 24",
		"status": "registered",
		"selected": false
	},
	{
		"name": "shine.com",
		"price": "$25",
		"clicks": "2,200",
		"update": "Apr 01",
		"status": "flagged",
		"selected": false
	},
	{
		"name": "rise.com",
		"price": "$42",
		"clicks": "3,900",
		"update": "Feb 01",
		"status": "sold",
		"selected": false
	},
	{
		"name": "above.com",
		"price": "$35",
		"clicks": "3,420",
		"update": "Mar 12",
		"status": "expiring",
		"selected": false
	},
	{
		"name": "share.com",
		"price": "$30",
		"clicks": "3,200",
		"update": "Feb 11",
		"status": "sold",
		"selected": false
	},
	{
		"name": "fair.com",
		"price": "$35",
		"clicks": "3,900",
		"update": "Mar 26",
		"status": "flagged",
		"selected": false
	},
	{
		"name": "year.com",
		"price": "$48",
		"clicks": "3,990",
		"update": "Feb 15",
		"status": "expiring",
		"selected": false
	},
	{
		"name": "day.com",
		"price": "$55",
		"clicks": "5,600",
		"update": "Jan 29",
		"status": "sold",
		"selected": false
	},
	{
		"name": "light.com",
		"price": "$40",
		"clicks": "3,100",
		"update": "Feb 17",
		"status": "registered",
		"selected": false
	},
	{
		"name": "sight.com",
		"price": "$58",
		"clicks": "6,100",
		"update": "Feb 19",
		"status": "flagged",
		"selected": false
	},
	{
		"name": "right.com",
		"price": "$50",
		"clicks": "4,400",
		"update": "Apr 01",
		"status": "expiring",
		"selected": false
	},
	{
		"name": "once.com",
		"price": "$20",
		"clicks": "1,400",
		"update": "Apr 04",
		"status": "sold",
		"selected": false
	}
]