[
{
	"title": "&quot;Hello, World!&quot; - Wikipedia, the free encyclopedia" ,
	"domain": "en.wikipedia.org",
	"content": "A &quot;<b>Hello</b>, <b>World</b>!&quot; program is a computer program that outputs &quot;<b>Hello</b>, <b>World</b>!&quot; (or some variant thereof) on a display device. Because it is typically one of the ..."
}
,
{
	"title": "Hello World! - GNU Project" ,
	"domain": "www.gnu.org",
	"content": "<b>Hello World</b>! How the way people code “<b>Hello World</b>” varies depending on their age and job ..."
}
,
{
	"title": "HelloWorld.java - Introduction to Programming in Java" ,
	"domain": "introcs.cs.princeton.edu",
	"content": "<b>HelloWorld</b> code in Java. ... <b>HelloWorld</b>.java. Below is the syntax highlighted version of <b>HelloWorld</b>.java from ..."
}
,
{
	"title": "Hello, World! - Learn Python - Free Interactive Python Tutorial" ,
	"domain": "www.learnpython.org",
	"content": "<b>Hello</b>, <b>World</b>! Python is a very simple language, and has a very straightforward syntax. It encourages programmers to program without boilerplate (prepared) ..."
}
,
{
	"title": "Hello World · GitHub Guides" ,
	"domain": "guides.github.com",
	"content": "The <b>Hello World</b> project is a time-honored tradition in computer programming. It is a simple exercise that gets you started when learning something new. Let's get ..."
}
]
